{"cameraMode":{"drawMode":0,"name":"Shaded","section":"Shading Mode"},"sceneLighting":true,"audioPlay":false,"sceneViewState":{"showFog":true,"showMaterialUpdate":false,"showSkybox":true,"showFlares":true,"showImageEffects":true,"showParticleSystems":true},"in2DMode":false,"pivot":{"x":-13.517858505249024,"y":1.769587516784668,"z":-12.86291217803955},"rotation":{"x":-0.0057408129796385769,"y":-0.4113205373287201,"z":0.002618315862491727,"w":-0.9114864468574524},"size":2.36602520942688,"orthographic":false}