{"cameraMode":{"drawMode":0,"name":"Shaded","section":"Shading Mode"},"sceneLighting":true,"audioPlay":false,"sceneViewState":{"showFog":true,"showMaterialUpdate":false,"showSkybox":true,"showFlares":true,"showImageEffects":true,"showParticleSystems":true},"in2DMode":false,"pivot":{"x":-31.257522583007814,"y":40.68358612060547,"z":62.367958068847659},"rotation":{"x":-0.03573555499315262,"y":0.17654752731323243,"z":-0.006390074267983437,"w":-0.9836294054985046},"size":71.06549072265625,"orthographic":false}