{"cameraMode":{"drawMode":0,"name":"Shaded","section":"Shading Mode"},"sceneLighting":true,"audioPlay":false,"sceneViewState":{"showFog":false,"showMaterialUpdate":false,"showSkybox":false,"showFlares":false,"showImageEffects":false,"showParticleSystems":false},"in2DMode":false,"pivot":{"x":-5.395471572875977,"y":-5.138838768005371,"z":-7.228801727294922},"rotation":{"x":-0.11493491381406784,"y":-0.24267880618572236,"z":0.028972825035452844,"w":-0.962843656539917},"size":54.55679702758789,"orthographic":false}