{"cameraMode":{"drawMode":0,"name":"Shaded","section":"Shading Mode"},"sceneLighting":false,"audioPlay":false,"sceneViewState":{"showFog":false,"showMaterialUpdate":false,"showSkybox":false,"showFlares":false,"showImageEffects":false,"showParticleSystems":false},"in2DMode":false,"pivot":{"x":-3.9437520503997804,"y":1.0590895414352418,"z":-12.92626953125},"rotation":{"x":-0.10798411071300507,"y":-0.35355591773986819,"z":0.04113808274269104,"w":-0.9282904267311096},"size":7.432388782501221,"orthographic":false}