{"cameraMode":{"drawMode":0,"name":"Shaded","section":"Shading Mode"},"sceneLighting":false,"audioPlay":false,"sceneViewState":{"showFog":false,"showMaterialUpdate":false,"showSkybox":false,"showFlares":false,"showImageEffects":false,"showParticleSystems":false},"in2DMode":false,"pivot":{"x":-3.9401700496673586,"y":0.12628306448459626,"z":-8.150440216064454},"rotation":{"x":-0.11702984571456909,"y":-0.015795491635799409,"z":0.0018714057514443994,"w":-0.9930408000946045},"size":7.432388782501221,"orthographic":false}