{"cameraMode":{"drawMode":0,"name":"Shaded","section":"Shading Mode"},"sceneLighting":true,"audioPlay":false,"sceneViewState":{"showFog":false,"showMaterialUpdate":false,"showSkybox":false,"showFlares":false,"showImageEffects":false,"showParticleSystems":false},"in2DMode":false,"pivot":{"x":-24.394187927246095,"y":2.797144889831543,"z":-1.0758724212646485},"rotation":{"x":0.26483264565467837,"y":-0.10622436553239823,"z":-0.029297534376382829,"w":-0.9580315351486206},"size":34.199859619140628,"orthographic":false}