{"cameraMode":{"drawMode":0,"name":"Shaded","section":"Shading Mode"},"sceneLighting":true,"audioPlay":false,"sceneViewState":{"showFog":false,"showMaterialUpdate":false,"showSkybox":false,"showFlares":false,"showImageEffects":false,"showParticleSystems":false},"in2DMode":false,"pivot":{"x":9.407533645629883,"y":-10.142990112304688,"z":33.69430923461914},"rotation":{"x":-0.1075887605547905,"y":0.09737177193164826,"z":-0.010528400540351868,"w":-0.9894070625305176},"size":39.30632781982422,"orthographic":false}